,0,1,2,3,4,5,6,7,8,9
0,0.0,0.0,0.0,0.0,0.0,0.0,0.0,0.0,0.0,0.0
1,0.0,0.0,0.0,0.0,0.0,0.0,0.0,0.0,0.0,0.0
2,0.0,0.0,0.0,0.0,0.0,0.0,0.0,0.0,0.0,0.0
3,0.0,0.0,0.0,0.0,0.0,0.0,0.0,0.0,0.0,0.0
4,0.0,0.0,0.0,0.0,0.0,0.0,0.0,0.0,0.0,0.0
5,0.0,0.0,0.0,0.0,0.0,0.0,0.0,0.0,0.0,0.0
6,0.0,0.0,0.0,0.0,0.0,0.0,0.0,0.0,0.0,0.0
7,0.0,0.0,0.0,0.0,0.0,0.0,0.0,0.0,0.0,0.0
8,0.0,0.0,0.0,0.0,0.0,0.0,0.0,0.0,0.0,0.0
9,0.0,0.0,0.0,0.0,0.0,0.0,0.0,0.0,0.0,0.0
10,0.0,0.0,0.0,0.0,0.0,0.0,0.0,0.0,0.0,0.0
11,0.0,0.0,0.0,0.0,0.0,0.0,0.0,0.0,0.0,0.0
12,4.0,4.0,4.0,4.0,4.0,4.0,4.0,4.0,4.0,4.0
13,4.0,4.0,4.0,4.0,4.0,4.0,4.0,4.0,4.0,4.0
14,2.0,2.0,2.0,2.0,2.0,2.0,2.0,2.0,2.0,2.0
15,2.0,2.0,2.0,2.0,2.0,2.0,2.0,2.0,2.0,2.0
16,0.0,0.0,0.0,0.0,0.0,0.0,0.0,0.0,0.0,0.0
17,0.0,0.0,0.0,0.0,0.0,0.0,0.0,0.0,0.0,0.0
18,0.0,0.0,0.0,0.0,0.0,0.0,0.0,0.0,0.0,0.0
19,0.0,0.0,0.0,0.0,0.0,0.0,0.0,0.0,0.0,0.0
20,0.0,0.0,0.0,0.0,0.0,0.0,0.0,0.0,0.0,0.0
21,0.0,0.0,0.0,0.0,0.0,0.0,0.0,0.0,0.0,0.0
22,0.0,0.0,0.0,0.0,0.0,0.0,0.0,0.0,0.0,0.0
23,0.0,0.0,0.0,0.0,0.0,0.0,0.0,0.0,0.0,0.0
24,0.0,0.0,0.0,0.0,0.0,0.0,0.0,0.0,0.0,0.0
25,0.0,0.0,0.0,0.0,0.0,0.0,0.0,0.0,0.0,0.0
26,0.0,0.0,0.0,0.0,0.0,0.0,0.0,0.0,0.0,0.0
27,0.0,0.0,0.0,0.0,0.0,0.0,0.0,0.0,0.0,0.0
28,0.0,0.0,0.0,0.0,0.0,0.0,0.0,0.0,0.0,0.0
29,0.0,0.0,0.0,0.0,0.0,0.0,0.0,0.0,0.0,0.0
30,0.0,0.0,0.0,0.0,0.0,0.0,0.0,0.0,0.0,0.0
31,0.0,0.0,0.0,0.0,0.0,0.0,0.0,0.0,0.0,0.0
32,2.0,2.0,2.0,2.0,2.0,2.0,2.0,2.0,2.0,2.0
33,4.0,4.0,4.0,4.0,4.0,4.0,4.0,4.0,4.0,4.0
34,12.0,12.0,12.0,12.0,12.0,12.0,12.0,12.0,12.0,12.0
35,22.0,22.0,22.0,22.0,22.0,22.0,22.0,22.0,22.0,22.0
36,32.0,32.0,32.0,32.0,32.0,32.0,32.0,32.0,32.0,32.0
37,54.0,54.0,54.0,54.0,54.0,54.0,54.0,54.0,54.0,54.0
38,82.0,82.0,82.0,82.0,82.0,82.0,82.0,82.0,82.0,82.0
39,106.0,106.0,106.0,106.0,106.0,106.0,106.0,106.0,106.0,106.0
40,135.0,135.0,135.0,135.0,135.0,135.0,135.0,135.0,135.0,135.0
41,135.0,135.0,135.0,135.0,135.0,135.0,135.0,135.0,135.0,135.0
42,136.0,136.0,136.0,136.0,136.0,136.0,136.0,136.0,136.0,136.0
43,142.0,142.0,142.0,142.0,142.0,142.0,142.0,142.0,142.0,142.0
44,130.0,130.0,130.0,130.0,130.0,130.0,130.0,130.0,130.0,130.0
45,110.0,110.0,110.0,110.0,110.0,110.0,110.0,110.0,110.0,110.0
46,73.0,73.0,73.0,73.0,73.0,73.0,73.0,73.0,73.0,73.0
47,49.0,49.0,49.0,49.0,49.0,49.0,49.0,49.0,49.0,49.0
48,35.0,35.0,35.0,35.0,35.0,35.0,35.0,35.0,35.0,35.0
49,22.0,22.0,22.0,22.0,22.0,22.0,22.0,22.0,22.0,22.0
50,8.0,8.0,8.0,8.0,8.0,8.0,8.0,8.0,8.0,8.0
51,4.0,4.0,4.0,4.0,4.0,4.0,4.0,4.0,4.0,4.0
52,0.0,0.0,0.0,0.0,0.0,0.0,0.0,0.0,0.0,0.0
53,0.0,0.0,0.0,0.0,0.0,0.0,0.0,0.0,0.0,0.0
54,0.0,0.0,0.0,0.0,0.0,0.0,0.0,0.0,0.0,0.0
55,0.0,0.0,0.0,0.0,0.0,0.0,0.0,0.0,0.0,0.0
56,0.0,0.0,0.0,0.0,0.0,0.0,0.0,0.0,0.0,0.0
57,0.0,0.0,0.0,0.0,0.0,0.0,0.0,0.0,0.0,0.0
58,2.0,2.0,2.0,2.0,2.0,2.0,2.0,2.0,2.0,2.0
59,2.0,2.0,2.0,2.0,2.0,2.0,2.0,2.0,2.0,2.0
60,14.0,14.0,14.0,14.0,14.0,14.0,14.0,14.0,14.0,14.0
61,22.0,22.0,22.0,22.0,22.0,22.0,22.0,22.0,22.0,22.0
62,53.0,53.0,53.0,53.0,53.0,53.0,53.0,53.0,53.0,53.0
63,120.0,120.0,120.0,120.0,120.0,120.0,120.0,120.0,120.0,120.0
64,227.0,227.0,227.0,227.0,227.0,227.0,227.0,227.0,227.0,227.0
65,389.0,389.0,389.0,389.0,389.0,389.0,389.0,389.0,389.0,389.0
66,628.0,628.0,628.0,628.0,628.0,628.0,628.0,628.0,628.0,628.0
67,923.0,923.0,923.0,923.0,923.0,923.0,923.0,923.0,923.0,923.0
68,1211.0,1211.0,1211.0,1211.0,1211.0,1211.0,1211.0,1211.0,1211.0,1211.0
69,1534.0,1534.0,1534.0,1534.0,1534.0,1534.0,1534.0,1534.0,1534.0,1534.0
70,1707.0,1707.0,1707.0,1707.0,1707.0,1707.0,1707.0,1707.0,1707.0,1707.0
71,1858.0,1858.0,1858.0,1858.0,1858.0,1858.0,1858.0,1858.0,1858.0,1858.0
72,1853.0,1853.0,1853.0,1853.0,1853.0,1853.0,1853.0,1853.0,1853.0,1853.0
73,1776.0,1776.0,1776.0,1776.0,1776.0,1776.0,1776.0,1776.0,1776.0,1776.0
74,1558.0,1558.0,1558.0,1558.0,1558.0,1558.0,1558.0,1558.0,1558.0,1558.0
75,1204.0,1204.0,1204.0,1204.0,1204.0,1204.0,1204.0,1204.0,1204.0,1204.0
76,781.0,781.0,781.0,781.0,781.0,781.0,781.0,781.0,781.0,781.0
77,452.0,452.0,452.0,452.0,452.0,452.0,452.0,452.0,452.0,452.0
78,235.0,235.0,235.0,235.0,235.0,235.0,235.0,235.0,235.0,235.0
79,103.0,103.0,103.0,103.0,103.0,103.0,103.0,103.0,103.0,103.0
80,34.0,34.0,34.0,34.0,34.0,34.0,34.0,34.0,34.0,34.0
81,10.0,10.0,10.0,10.0,10.0,10.0,10.0,10.0,10.0,10.0
82,0.0,0.0,0.0,0.0,0.0,0.0,0.0,0.0,0.0,0.0
83,0.0,0.0,0.0,0.0,0.0,0.0,0.0,0.0,0.0,0.0
84,0.0,0.0,0.0,0.0,0.0,0.0,0.0,0.0,0.0,0.0
85,0.0,0.0,0.0,0.0,0.0,0.0,0.0,0.0,0.0,0.0
86,4.0,4.0,4.0,4.0,4.0,4.0,4.0,4.0,4.0,4.0
87,8.0,8.0,8.0,8.0,8.0,8.0,8.0,8.0,8.0,8.0
88,30.0,30.0,30.0,30.0,30.0,30.0,30.0,30.0,30.0,30.0
89,99.0,99.0,99.0,99.0,99.0,99.0,99.0,99.0,99.0,99.0
90,233.0,233.0,233.0,233.0,233.0,233.0,233.0,233.0,233.0,233.0
91,484.0,484.0,484.0,484.0,484.0,484.0,484.0,484.0,484.0,484.0
92,934.0,934.0,934.0,934.0,934.0,934.0,934.0,934.0,934.0,934.0
93,1409.0,1409.0,1409.0,1409.0,1409.0,1409.0,1409.0,1409.0,1409.0,1409.0
94,1917.0,1917.0,1917.0,1917.0,1917.0,1917.0,1917.0,1917.0,1917.0,1917.0
95,2394.0,2394.0,2394.0,2394.0,2394.0,2394.0,2394.0,2394.0,2394.0,2394.0
96,2765.0,2765.0,2765.0,2765.0,2765.0,2765.0,2765.0,2765.0,2765.0,2765.0
97,2975.0,2975.0,2975.0,2975.0,2975.0,2975.0,2975.0,2975.0,2975.0,2975.0
98,3115.0,3115.0,3115.0,3115.0,3115.0,3115.0,3115.0,3115.0,3115.0,3115.0
99,3160.0,3160.0,3160.0,3160.0,3160.0,3160.0,3160.0,3160.0,3160.0,3160.0
100,3164.0,3164.0,3164.0,3164.0,3164.0,3164.0,3164.0,3164.0,3164.0,3164.0
101,3106.0,3106.0,3106.0,3106.0,3106.0,3106.0,3106.0,3106.0,3106.0,3106.0
102,2942.0,2942.0,2942.0,2942.0,2942.0,2942.0,2942.0,2942.0,2942.0,2942.0
103,2608.0,2608.0,2608.0,2608.0,2608.0,2608.0,2608.0,2608.0,2608.0,2608.0
104,2050.0,2050.0,2050.0,2050.0,2050.0,2050.0,2050.0,2050.0,2050.0,2050.0
105,1369.0,1369.0,1369.0,1369.0,1369.0,1369.0,1369.0,1369.0,1369.0,1369.0
106,821.0,821.0,821.0,821.0,821.0,821.0,821.0,821.0,821.0,821.0
107,389.0,389.0,389.0,389.0,389.0,389.0,389.0,389.0,389.0,389.0
108,161.0,161.0,161.0,161.0,161.0,161.0,161.0,161.0,161.0,161.0
109,40.0,40.0,40.0,40.0,40.0,40.0,40.0,40.0,40.0,40.0
110,4.0,4.0,4.0,4.0,4.0,4.0,4.0,4.0,4.0,4.0
111,0.0,0.0,0.0,0.0,0.0,0.0,0.0,0.0,0.0,0.0
112,0.0,0.0,0.0,0.0,0.0,0.0,0.0,0.0,0.0,0.0
113,2.0,2.0,2.0,2.0,2.0,2.0,2.0,2.0,2.0,2.0
114,8.0,8.0,8.0,8.0,8.0,8.0,8.0,8.0,8.0,8.0
115,22.0,22.0,22.0,22.0,22.0,22.0,22.0,22.0,22.0,22.0
116,143.0,143.0,143.0,143.0,143.0,143.0,143.0,143.0,143.0,143.0
117,469.0,469.0,469.0,469.0,469.0,469.0,469.0,469.0,469.0,469.0
118,988.0,988.0,988.0,988.0,988.0,988.0,988.0,988.0,988.0,988.0
119,1661.0,1661.0,1661.0,1661.0,1661.0,1661.0,1661.0,1661.0,1661.0,1661.0
120,2407.0,2407.0,2407.0,2407.0,2407.0,2407.0,2407.0,2407.0,2407.0,2407.0
121,2922.0,2922.0,2922.0,2922.0,2922.0,2922.0,2922.0,2922.0,2922.0,2922.0
122,3226.0,3226.0,3226.0,3226.0,3226.0,3226.0,3226.0,3226.0,3226.0,3226.0
123,3341.0,3341.0,3341.0,3341.0,3341.0,3341.0,3341.0,3341.0,3341.0,3341.0
124,3367.0,3367.0,3367.0,3367.0,3367.0,3367.0,3367.0,3367.0,3367.0,3367.0
125,3373.0,3373.0,3373.0,3373.0,3373.0,3373.0,3373.0,3373.0,3373.0,3373.0
126,3376.0,3376.0,3376.0,3376.0,3376.0,3376.0,3376.0,3376.0,3376.0,3376.0
127,3376.0,3376.0,3376.0,3376.0,3376.0,3376.0,3376.0,3376.0,3376.0,3376.0
128,3375.0,3375.0,3375.0,3375.0,3375.0,3375.0,3375.0,3375.0,3375.0,3375.0
129,3376.0,3376.0,3376.0,3376.0,3376.0,3376.0,3376.0,3376.0,3376.0,3376.0
130,3370.0,3370.0,3370.0,3370.0,3370.0,3370.0,3370.0,3370.0,3370.0,3370.0
131,3366.0,3366.0,3366.0,3366.0,3366.0,3366.0,3366.0,3366.0,3366.0,3366.0
132,3267.0,3267.0,3267.0,3267.0,3267.0,3267.0,3267.0,3267.0,3267.0,3267.0
133,2959.0,2959.0,2959.0,2959.0,2959.0,2959.0,2959.0,2959.0,2959.0,2959.0
134,2353.0,2353.0,2353.0,2353.0,2353.0,2353.0,2353.0,2353.0,2353.0,2353.0
135,1474.0,1474.0,1474.0,1474.0,1474.0,1474.0,1474.0,1474.0,1474.0,1474.0
136,782.0,782.0,782.0,782.0,782.0,782.0,782.0,782.0,782.0,782.0
137,261.0,261.0,261.0,261.0,261.0,261.0,261.0,261.0,261.0,261.0
138,38.0,38.0,38.0,38.0,38.0,38.0,38.0,38.0,38.0,38.0
139,4.0,4.0,4.0,4.0,4.0,4.0,4.0,4.0,4.0,4.0
140,0.0,0.0,0.0,0.0,0.0,0.0,0.0,0.0,0.0,0.0
141,0.0,0.0,0.0,0.0,0.0,0.0,0.0,0.0,0.0,0.0
142,14.0,14.0,14.0,14.0,14.0,14.0,14.0,14.0,14.0,14.0
143,105.0,105.0,105.0,105.0,105.0,105.0,105.0,105.0,105.0,105.0
144,510.0,510.0,510.0,510.0,510.0,510.0,510.0,510.0,510.0,510.0
145,1222.0,1222.0,1222.0,1222.0,1222.0,1222.0,1222.0,1222.0,1222.0,1222.0
146,2108.0,2108.0,2108.0,2108.0,2108.0,2108.0,2108.0,2108.0,2108.0,2108.0
147,2847.0,2847.0,2847.0,2847.0,2847.0,2847.0,2847.0,2847.0,2847.0,2847.0
148,3253.0,3253.0,3253.0,3253.0,3253.0,3253.0,3253.0,3253.0,3253.0,3253.0
149,3353.0,3353.0,3353.0,3353.0,3353.0,3353.0,3353.0,3353.0,3353.0,3353.0
150,3372.0,3372.0,3372.0,3372.0,3372.0,3372.0,3372.0,3372.0,3372.0,3372.0
151,3376.0,3376.0,3376.0,3376.0,3376.0,3376.0,3376.0,3376.0,3376.0,3376.0
152,3376.0,3376.0,3376.0,3376.0,3376.0,3376.0,3376.0,3376.0,3376.0,3376.0
153,3376.0,3376.0,3376.0,3376.0,3376.0,3376.0,3376.0,3376.0,3376.0,3376.0
154,3376.0,3376.0,3376.0,3376.0,3376.0,3376.0,3376.0,3376.0,3376.0,3376.0
155,3376.0,3376.0,3376.0,3376.0,3376.0,3376.0,3376.0,3376.0,3376.0,3376.0
156,3376.0,3376.0,3376.0,3376.0,3376.0,3376.0,3376.0,3376.0,3376.0,3376.0
157,3376.0,3376.0,3376.0,3376.0,3376.0,3376.0,3376.0,3376.0,3376.0,3376.0
158,3376.0,3376.0,3376.0,3376.0,3376.0,3376.0,3376.0,3376.0,3376.0,3376.0
159,3376.0,3376.0,3376.0,3376.0,3376.0,3376.0,3376.0,3376.0,3376.0,3376.0
160,3375.0,3375.0,3375.0,3375.0,3375.0,3375.0,3375.0,3375.0,3375.0,3375.0
161,3352.0,3352.0,3352.0,3352.0,3352.0,3352.0,3352.0,3352.0,3352.0,3352.0
162,3209.0,3209.0,3209.0,3209.0,3209.0,3209.0,3209.0,3209.0,3209.0,3209.0
163,2724.0,2724.0,2724.0,2724.0,2724.0,2724.0,2724.0,2724.0,2724.0,2724.0
164,1886.0,1886.0,1886.0,1886.0,1886.0,1886.0,1886.0,1886.0,1886.0,1886.0
165,845.0,845.0,845.0,845.0,845.0,845.0,845.0,845.0,845.0,845.0
166,173.0,173.0,173.0,173.0,173.0,173.0,173.0,173.0,173.0,173.0
167,10.0,10.0,10.0,10.0,10.0,10.0,10.0,10.0,10.0,10.0
168,0.0,0.0,0.0,0.0,0.0,0.0,0.0,0.0,0.0,0.0
169,4.0,4.0,4.0,4.0,4.0,4.0,4.0,4.0,4.0,4.0
170,46.0,46.0,46.0,46.0,46.0,46.0,46.0,46.0,46.0,46.0
171,250.0,250.0,250.0,250.0,250.0,250.0,250.0,250.0,250.0,250.0
172,961.0,961.0,961.0,961.0,961.0,961.0,961.0,961.0,961.0,961.0
173,1989.0,1989.0,1989.0,1989.0,1989.0,1989.0,1989.0,1989.0,1989.0,1989.0
174,2843.0,2843.0,2843.0,2843.0,2843.0,2843.0,2843.0,2843.0,2843.0,2843.0
175,3258.0,3258.0,3258.0,3258.0,3258.0,3258.0,3258.0,3258.0,3258.0,3258.0
176,3364.0,3364.0,3364.0,3364.0,3364.0,3364.0,3364.0,3364.0,3364.0,3364.0
177,3375.0,3375.0,3375.0,3375.0,3375.0,3375.0,3375.0,3375.0,3375.0,3375.0
178,3375.0,3375.0,3375.0,3375.0,3375.0,3375.0,3375.0,3375.0,3375.0,3375.0
179,3376.0,3376.0,3376.0,3376.0,3376.0,3376.0,3376.0,3376.0,3376.0,3376.0
180,3376.0,3376.0,3376.0,3376.0,3376.0,3376.0,3376.0,3376.0,3376.0,3376.0
181,3376.0,3376.0,3376.0,3376.0,3376.0,3376.0,3376.0,3376.0,3376.0,3376.0
182,3376.0,3376.0,3376.0,3376.0,3376.0,3376.0,3376.0,3376.0,3376.0,3376.0
183,3376.0,3376.0,3376.0,3376.0,3376.0,3376.0,3376.0,3376.0,3376.0,3376.0
184,3376.0,3376.0,3376.0,3376.0,3376.0,3376.0,3376.0,3376.0,3376.0,3376.0
185,3376.0,3376.0,3376.0,3376.0,3376.0,3376.0,3376.0,3376.0,3376.0,3376.0
186,3376.0,3376.0,3376.0,3376.0,3376.0,3376.0,3376.0,3376.0,3376.0,3376.0
187,3376.0,3376.0,3376.0,3376.0,3376.0,3376.0,3376.0,3376.0,3376.0,3376.0
188,3375.0,3375.0,3375.0,3375.0,3375.0,3375.0,3375.0,3375.0,3375.0,3375.0
189,3372.0,3372.0,3372.0,3372.0,3372.0,3372.0,3372.0,3372.0,3372.0,3372.0
190,3343.0,3343.0,3343.0,3343.0,3343.0,3343.0,3343.0,3343.0,3343.0,3343.0
191,3157.0,3157.0,3157.0,3157.0,3157.0,3157.0,3157.0,3157.0,3157.0,3157.0
192,2513.0,2513.0,2513.0,2513.0,2513.0,2513.0,2513.0,2513.0,2513.0,2513.0
193,1351.0,1351.0,1351.0,1351.0,1351.0,1351.0,1351.0,1351.0,1351.0,1351.0
194,369.0,369.0,369.0,369.0,369.0,369.0,369.0,369.0,369.0,369.0
195,36.0,36.0,36.0,36.0,36.0,36.0,36.0,36.0,36.0,36.0
196,2.0,2.0,2.0,2.0,2.0,2.0,2.0,2.0,2.0,2.0
197,36.0,36.0,36.0,36.0,36.0,36.0,36.0,36.0,36.0,36.0
198,119.0,119.0,119.0,119.0,119.0,119.0,119.0,119.0,119.0,119.0
199,580.0,580.0,580.0,580.0,580.0,580.0,580.0,580.0,580.0,580.0
200,1590.0,1590.0,1590.0,1590.0,1590.0,1590.0,1590.0,1590.0,1590.0,1590.0
201,2610.0,2610.0,2610.0,2610.0,2610.0,2610.0,2610.0,2610.0,2610.0,2610.0
202,3201.0,3201.0,3201.0,3201.0,3201.0,3201.0,3201.0,3201.0,3201.0,3201.0
203,3360.0,3360.0,3360.0,3360.0,3360.0,3360.0,3360.0,3360.0,3360.0,3360.0
204,3375.0,3375.0,3375.0,3375.0,3375.0,3375.0,3375.0,3375.0,3375.0,3375.0
205,3376.0,3376.0,3376.0,3376.0,3376.0,3376.0,3376.0,3376.0,3376.0,3376.0
206,3376.0,3376.0,3376.0,3376.0,3376.0,3376.0,3376.0,3376.0,3376.0,3376.0
207,3376.0,3376.0,3376.0,3376.0,3376.0,3376.0,3376.0,3376.0,3376.0,3376.0
208,3376.0,3376.0,3376.0,3376.0,3376.0,3376.0,3376.0,3376.0,3376.0,3376.0
209,3376.0,3376.0,3376.0,3376.0,3376.0,3376.0,3376.0,3376.0,3376.0,3376.0
210,3376.0,3376.0,3376.0,3376.0,3376.0,3376.0,3376.0,3376.0,3376.0,3376.0
211,3376.0,3376.0,3376.0,3376.0,3376.0,3376.0,3376.0,3376.0,3376.0,3376.0
212,3376.0,3376.0,3376.0,3376.0,3376.0,3376.0,3376.0,3376.0,3376.0,3376.0
213,3376.0,3376.0,3376.0,3376.0,3376.0,3376.0,3376.0,3376.0,3376.0,3376.0
214,3376.0,3376.0,3376.0,3376.0,3376.0,3376.0,3376.0,3376.0,3376.0,3376.0
215,3376.0,3376.0,3376.0,3376.0,3376.0,3376.0,3376.0,3376.0,3376.0,3376.0
216,3376.0,3376.0,3376.0,3376.0,3376.0,3376.0,3376.0,3376.0,3376.0,3376.0
217,3375.0,3375.0,3375.0,3375.0,3375.0,3375.0,3375.0,3375.0,3375.0,3375.0
218,3369.0,3369.0,3369.0,3369.0,3369.0,3369.0,3369.0,3369.0,3369.0,3369.0
219,3283.0,3283.0,3283.0,3283.0,3283.0,3283.0,3283.0,3283.0,3283.0,3283.0
220,2794.0,2794.0,2794.0,2794.0,2794.0,2794.0,2794.0,2794.0,2794.0,2794.0
221,1637.0,1637.0,1637.0,1637.0,1637.0,1637.0,1637.0,1637.0,1637.0,1637.0
222,472.0,472.0,472.0,472.0,472.0,472.0,472.0,472.0,472.0,472.0
223,44.0,44.0,44.0,44.0,44.0,44.0,44.0,44.0,44.0,44.0
224,2.0,2.0,2.0,2.0,2.0,2.0,2.0,2.0,2.0,2.0
225,52.0,52.0,52.0,52.0,52.0,52.0,52.0,52.0,52.0,52.0
226,309.0,309.0,309.0,309.0,309.0,309.0,309.0,309.0,309.0,309.0
227,971.0,971.0,971.0,971.0,971.0,971.0,971.0,971.0,971.0,971.0
228,2014.0,2014.0,2014.0,2014.0,2014.0,2014.0,2014.0,2014.0,2014.0,2014.0
229,2942.0,2942.0,2942.0,2942.0,2942.0,2942.0,2942.0,2942.0,2942.0,2942.0
230,3307.0,3307.0,3307.0,3307.0,3307.0,3307.0,3307.0,3307.0,3307.0,3307.0
231,3370.0,3370.0,3370.0,3370.0,3370.0,3370.0,3370.0,3370.0,3370.0,3370.0
232,3376.0,3376.0,3376.0,3376.0,3376.0,3376.0,3376.0,3376.0,3376.0,3376.0
233,3376.0,3376.0,3376.0,3376.0,3376.0,3376.0,3376.0,3376.0,3376.0,3376.0
234,3376.0,3376.0,3376.0,3376.0,3376.0,3376.0,3376.0,3376.0,3376.0,3376.0
235,3376.0,3376.0,3376.0,3376.0,3376.0,3376.0,3376.0,3376.0,3376.0,3376.0
236,3376.0,3376.0,3376.0,3376.0,3376.0,3376.0,3376.0,3376.0,3376.0,3376.0
237,3376.0,3376.0,3376.0,3376.0,3376.0,3376.0,3376.0,3376.0,3376.0,3376.0
238,3376.0,3376.0,3376.0,3376.0,3376.0,3376.0,3376.0,3376.0,3376.0,3376.0
239,3376.0,3376.0,3376.0,3376.0,3376.0,3376.0,3376.0,3376.0,3376.0,3376.0
240,3376.0,3376.0,3376.0,3376.0,3376.0,3376.0,3376.0,3376.0,3376.0,3376.0
241,3376.0,3376.0,3376.0,3376.0,3376.0,3376.0,3376.0,3376.0,3376.0,3376.0
242,3376.0,3376.0,3376.0,3376.0,3376.0,3376.0,3376.0,3376.0,3376.0,3376.0
243,3376.0,3376.0,3376.0,3376.0,3376.0,3376.0,3376.0,3376.0,3376.0,3376.0
244,3376.0,3376.0,3376.0,3376.0,3376.0,3376.0,3376.0,3376.0,3376.0,3376.0
245,3376.0,3376.0,3376.0,3376.0,3376.0,3376.0,3376.0,3376.0,3376.0,3376.0
246,3372.0,3372.0,3372.0,3372.0,3372.0,3372.0,3372.0,3372.0,3372.0,3372.0
247,3292.0,3292.0,3292.0,3292.0,3292.0,3292.0,3292.0,3292.0,3292.0,3292.0
248,2818.0,2818.0,2818.0,2818.0,2818.0,2818.0,2818.0,2818.0,2818.0,2818.0
249,1658.0,1658.0,1658.0,1658.0,1658.0,1658.0,1658.0,1658.0,1658.0,1658.0
250,416.0,416.0,416.0,416.0,416.0,416.0,416.0,416.0,416.0,416.0
251,26.0,26.0,26.0,26.0,26.0,26.0,26.0,26.0,26.0,26.0
252,4.0,4.0,4.0,4.0,4.0,4.0,4.0,4.0,4.0,4.0
253,79.0,79.0,79.0,79.0,79.0,79.0,79.0,79.0,79.0,79.0
254,414.0,414.0,414.0,414.0,414.0,414.0,414.0,414.0,414.0,414.0
255,1101.0,1101.0,1101.0,1101.0,1101.0,1101.0,1101.0,1101.0,1101.0,1101.0
256,2138.0,2138.0,2138.0,2138.0,2138.0,2138.0,2138.0,2138.0,2138.0,2138.0
257,3046.0,3046.0,3046.0,3046.0,3046.0,3046.0,3046.0,3046.0,3046.0,3046.0
258,3331.0,3331.0,3331.0,3331.0,3331.0,3331.0,3331.0,3331.0,3331.0,3331.0
259,3373.0,3373.0,3373.0,3373.0,3373.0,3373.0,3373.0,3373.0,3373.0,3373.0
260,3375.0,3375.0,3375.0,3375.0,3375.0,3375.0,3375.0,3375.0,3375.0,3375.0
261,3376.0,3376.0,3376.0,3376.0,3376.0,3376.0,3376.0,3376.0,3376.0,3376.0
262,3376.0,3376.0,3376.0,3376.0,3376.0,3376.0,3376.0,3376.0,3376.0,3376.0
263,3376.0,3376.0,3376.0,3376.0,3376.0,3376.0,3376.0,3376.0,3376.0,3376.0
264,3376.0,3376.0,3376.0,3376.0,3376.0,3376.0,3376.0,3376.0,3376.0,3376.0
265,3376.0,3376.0,3376.0,3376.0,3376.0,3376.0,3376.0,3376.0,3376.0,3376.0
266,3376.0,3376.0,3376.0,3376.0,3376.0,3376.0,3376.0,3376.0,3376.0,3376.0
267,3376.0,3376.0,3376.0,3376.0,3376.0,3376.0,3376.0,3376.0,3376.0,3376.0
268,3376.0,3376.0,3376.0,3376.0,3376.0,3376.0,3376.0,3376.0,3376.0,3376.0
269,3376.0,3376.0,3376.0,3376.0,3376.0,3376.0,3376.0,3376.0,3376.0,3376.0
270,3376.0,3376.0,3376.0,3376.0,3376.0,3376.0,3376.0,3376.0,3376.0,3376.0
271,3376.0,3376.0,3376.0,3376.0,3376.0,3376.0,3376.0,3376.0,3376.0,3376.0
272,3376.0,3376.0,3376.0,3376.0,3376.0,3376.0,3376.0,3376.0,3376.0,3376.0
273,3376.0,3376.0,3376.0,3376.0,3376.0,3376.0,3376.0,3376.0,3376.0,3376.0
274,3370.0,3370.0,3370.0,3370.0,3370.0,3370.0,3370.0,3370.0,3370.0,3370.0
275,3268.0,3268.0,3268.0,3268.0,3268.0,3268.0,3268.0,3268.0,3268.0,3268.0
276,2648.0,2648.0,2648.0,2648.0,2648.0,2648.0,2648.0,2648.0,2648.0,2648.0
277,1402.0,1402.0,1402.0,1402.0,1402.0,1402.0,1402.0,1402.0,1402.0,1402.0
278,365.0,365.0,365.0,365.0,365.0,365.0,365.0,365.0,365.0,365.0
279,30.0,30.0,30.0,30.0,30.0,30.0,30.0,30.0,30.0,30.0
280,4.0,4.0,4.0,4.0,4.0,4.0,4.0,4.0,4.0,4.0
281,84.0,84.0,84.0,84.0,84.0,84.0,84.0,84.0,84.0,84.0
282,423.0,423.0,423.0,423.0,423.0,423.0,423.0,423.0,423.0,423.0
283,1079.0,1079.0,1079.0,1079.0,1079.0,1079.0,1079.0,1079.0,1079.0,1079.0
284,2110.0,2110.0,2110.0,2110.0,2110.0,2110.0,2110.0,2110.0,2110.0,2110.0
285,3030.0,3030.0,3030.0,3030.0,3030.0,3030.0,3030.0,3030.0,3030.0,3030.0
286,3343.0,3343.0,3343.0,3343.0,3343.0,3343.0,3343.0,3343.0,3343.0,3343.0
287,3374.0,3374.0,3374.0,3374.0,3374.0,3374.0,3374.0,3374.0,3374.0,3374.0
288,3376.0,3376.0,3376.0,3376.0,3376.0,3376.0,3376.0,3376.0,3376.0,3376.0
289,3376.0,3376.0,3376.0,3376.0,3376.0,3376.0,3376.0,3376.0,3376.0,3376.0
290,3376.0,3376.0,3376.0,3376.0,3376.0,3376.0,3376.0,3376.0,3376.0,3376.0
291,3376.0,3376.0,3376.0,3376.0,3376.0,3376.0,3376.0,3376.0,3376.0,3376.0
292,3376.0,3376.0,3376.0,3376.0,3376.0,3376.0,3376.0,3376.0,3376.0,3376.0
293,3376.0,3376.0,3376.0,3376.0,3376.0,3376.0,3376.0,3376.0,3376.0,3376.0
294,3376.0,3376.0,3376.0,3376.0,3376.0,3376.0,3376.0,3376.0,3376.0,3376.0
295,3376.0,3376.0,3376.0,3376.0,3376.0,3376.0,3376.0,3376.0,3376.0,3376.0
296,3376.0,3376.0,3376.0,3376.0,3376.0,3376.0,3376.0,3376.0,3376.0,3376.0
297,3376.0,3376.0,3376.0,3376.0,3376.0,3376.0,3376.0,3376.0,3376.0,3376.0
298,3376.0,3376.0,3376.0,3376.0,3376.0,3376.0,3376.0,3376.0,3376.0,3376.0
299,3376.0,3376.0,3376.0,3376.0,3376.0,3376.0,3376.0,3376.0,3376.0,3376.0
300,3376.0,3376.0,3376.0,3376.0,3376.0,3376.0,3376.0,3376.0,3376.0,3376.0
301,3375.0,3375.0,3375.0,3375.0,3375.0,3375.0,3375.0,3375.0,3375.0,3375.0
302,3367.0,3367.0,3367.0,3367.0,3367.0,3367.0,3367.0,3367.0,3367.0,3367.0
303,3243.0,3243.0,3243.0,3243.0,3243.0,3243.0,3243.0,3243.0,3243.0,3243.0
304,2390.0,2390.0,2390.0,2390.0,2390.0,2390.0,2390.0,2390.0,2390.0,2390.0
305,942.0,942.0,942.0,942.0,942.0,942.0,942.0,942.0,942.0,942.0
306,236.0,236.0,236.0,236.0,236.0,236.0,236.0,236.0,236.0,236.0
307,20.0,20.0,20.0,20.0,20.0,20.0,20.0,20.0,20.0,20.0
308,6.0,6.0,6.0,6.0,6.0,6.0,6.0,6.0,6.0,6.0
309,72.0,72.0,72.0,72.0,72.0,72.0,72.0,72.0,72.0,72.0
310,317.0,317.0,317.0,317.0,317.0,317.0,317.0,317.0,317.0,317.0
311,914.0,914.0,914.0,914.0,914.0,914.0,914.0,914.0,914.0,914.0
312,1971.0,1971.0,1971.0,1971.0,1971.0,1971.0,1971.0,1971.0,1971.0,1971.0
313,3009.0,3009.0,3009.0,3009.0,3009.0,3009.0,3009.0,3009.0,3009.0,3009.0
314,3353.0,3353.0,3353.0,3353.0,3353.0,3353.0,3353.0,3353.0,3353.0,3353.0
315,3375.0,3375.0,3375.0,3375.0,3375.0,3375.0,3375.0,3375.0,3375.0,3375.0
316,3376.0,3376.0,3376.0,3376.0,3376.0,3376.0,3376.0,3376.0,3376.0,3376.0
317,3376.0,3376.0,3376.0,3376.0,3376.0,3376.0,3376.0,3376.0,3376.0,3376.0
318,3376.0,3376.0,3376.0,3376.0,3376.0,3376.0,3376.0,3376.0,3376.0,3376.0
319,3376.0,3376.0,3376.0,3376.0,3376.0,3376.0,3376.0,3376.0,3376.0,3376.0
320,3376.0,3376.0,3376.0,3376.0,3376.0,3376.0,3376.0,3376.0,3376.0,3376.0
321,3376.0,3376.0,3376.0,3376.0,3376.0,3376.0,3376.0,3376.0,3376.0,3376.0
322,3376.0,3376.0,3376.0,3376.0,3376.0,3376.0,3376.0,3376.0,3376.0,3376.0
323,3376.0,3376.0,3376.0,3376.0,3376.0,3376.0,3376.0,3376.0,3376.0,3376.0
324,3376.0,3376.0,3376.0,3376.0,3376.0,3376.0,3376.0,3376.0,3376.0,3376.0
325,3376.0,3376.0,3376.0,3376.0,3376.0,3376.0,3376.0,3376.0,3376.0,3376.0
326,3376.0,3376.0,3376.0,3376.0,3376.0,3376.0,3376.0,3376.0,3376.0,3376.0
327,3376.0,3376.0,3376.0,3376.0,3376.0,3376.0,3376.0,3376.0,3376.0,3376.0
328,3376.0,3376.0,3376.0,3376.0,3376.0,3376.0,3376.0,3376.0,3376.0,3376.0
329,3376.0,3376.0,3376.0,3376.0,3376.0,3376.0,3376.0,3376.0,3376.0,3376.0
330,3362.0,3362.0,3362.0,3362.0,3362.0,3362.0,3362.0,3362.0,3362.0,3362.0
331,3193.0,3193.0,3193.0,3193.0,3193.0,3193.0,3193.0,3193.0,3193.0,3193.0
332,2236.0,2236.0,2236.0,2236.0,2236.0,2236.0,2236.0,2236.0,2236.0,2236.0
333,604.0,604.0,604.0,604.0,604.0,604.0,604.0,604.0,604.0,604.0
334,142.0,142.0,142.0,142.0,142.0,142.0,142.0,142.0,142.0,142.0
335,18.0,18.0,18.0,18.0,18.0,18.0,18.0,18.0,18.0,18.0
336,4.0,4.0,4.0,4.0,4.0,4.0,4.0,4.0,4.0,4.0
337,46.0,46.0,46.0,46.0,46.0,46.0,46.0,46.0,46.0,46.0
338,207.0,207.0,207.0,207.0,207.0,207.0,207.0,207.0,207.0,207.0
339,696.0,696.0,696.0,696.0,696.0,696.0,696.0,696.0,696.0,696.0
340,1840.0,1840.0,1840.0,1840.0,1840.0,1840.0,1840.0,1840.0,1840.0,1840.0
341,3078.0,3078.0,3078.0,3078.0,3078.0,3078.0,3078.0,3078.0,3078.0,3078.0
342,3359.0,3359.0,3359.0,3359.0,3359.0,3359.0,3359.0,3359.0,3359.0,3359.0
343,3376.0,3376.0,3376.0,3376.0,3376.0,3376.0,3376.0,3376.0,3376.0,3376.0
344,3376.0,3376.0,3376.0,3376.0,3376.0,3376.0,3376.0,3376.0,3376.0,3376.0
345,3376.0,3376.0,3376.0,3376.0,3376.0,3376.0,3376.0,3376.0,3376.0,3376.0
346,3376.0,3376.0,3376.0,3376.0,3376.0,3376.0,3376.0,3376.0,3376.0,3376.0
347,3376.0,3376.0,3376.0,3376.0,3376.0,3376.0,3376.0,3376.0,3376.0,3376.0
348,3376.0,3376.0,3376.0,3376.0,3376.0,3376.0,3376.0,3376.0,3376.0,3376.0
349,3376.0,3376.0,3376.0,3376.0,3376.0,3376.0,3376.0,3376.0,3376.0,3376.0
350,3376.0,3376.0,3376.0,3376.0,3376.0,3376.0,3376.0,3376.0,3376.0,3376.0
351,3376.0,3376.0,3376.0,3376.0,3376.0,3376.0,3376.0,3376.0,3376.0,3376.0
352,3376.0,3376.0,3376.0,3376.0,3376.0,3376.0,3376.0,3376.0,3376.0,3376.0
353,3376.0,3376.0,3376.0,3376.0,3376.0,3376.0,3376.0,3376.0,3376.0,3376.0
354,3376.0,3376.0,3376.0,3376.0,3376.0,3376.0,3376.0,3376.0,3376.0,3376.0
355,3376.0,3376.0,3376.0,3376.0,3376.0,3376.0,3376.0,3376.0,3376.0,3376.0
356,3376.0,3376.0,3376.0,3376.0,3376.0,3376.0,3376.0,3376.0,3376.0,3376.0
357,3375.0,3375.0,3375.0,3375.0,3375.0,3375.0,3375.0,3375.0,3375.0,3375.0
358,3358.0,3358.0,3358.0,3358.0,3358.0,3358.0,3358.0,3358.0,3358.0,3358.0
359,3169.0,3169.0,3169.0,3169.0,3169.0,3169.0,3169.0,3169.0,3169.0,3169.0
360,2277.0,2277.0,2277.0,2277.0,2277.0,2277.0,2277.0,2277.0,2277.0,2277.0
361,470.0,470.0,470.0,470.0,470.0,470.0,470.0,470.0,470.0,470.0
362,82.0,82.0,82.0,82.0,82.0,82.0,82.0,82.0,82.0,82.0
363,14.0,14.0,14.0,14.0,14.0,14.0,14.0,14.0,14.0,14.0
364,2.0,2.0,2.0,2.0,2.0,2.0,2.0,2.0,2.0,2.0
365,28.0,28.0,28.0,28.0,28.0,28.0,28.0,28.0,28.0,28.0
366,105.0,105.0,105.0,105.0,105.0,105.0,105.0,105.0,105.0,105.0
367,529.0,529.0,529.0,529.0,529.0,529.0,529.0,529.0,529.0,529.0
368,1789.0,1789.0,1789.0,1789.0,1789.0,1789.0,1789.0,1789.0,1789.0,1789.0
369,3136.0,3136.0,3136.0,3136.0,3136.0,3136.0,3136.0,3136.0,3136.0,3136.0
370,3367.0,3367.0,3367.0,3367.0,3367.0,3367.0,3367.0,3367.0,3367.0,3367.0
371,3376.0,3376.0,3376.0,3376.0,3376.0,3376.0,3376.0,3376.0,3376.0,3376.0
372,3376.0,3376.0,3376.0,3376.0,3376.0,3376.0,3376.0,3376.0,3376.0,3376.0
373,3376.0,3376.0,3376.0,3376.0,3376.0,3376.0,3376.0,3376.0,3376.0,3376.0
374,3376.0,3376.0,3376.0,3376.0,3376.0,3376.0,3376.0,3376.0,3376.0,3376.0
375,3376.0,3376.0,3376.0,3376.0,3376.0,3376.0,3376.0,3376.0,3376.0,3376.0
376,3376.0,3376.0,3376.0,3376.0,3376.0,3376.0,3376.0,3376.0,3376.0,3376.0
377,3376.0,3376.0,3376.0,3376.0,3376.0,3376.0,3376.0,3376.0,3376.0,3376.0
378,3376.0,3376.0,3376.0,3376.0,3376.0,3376.0,3376.0,3376.0,3376.0,3376.0
379,3376.0,3376.0,3376.0,3376.0,3376.0,3376.0,3376.0,3376.0,3376.0,3376.0
380,3376.0,3376.0,3376.0,3376.0,3376.0,3376.0,3376.0,3376.0,3376.0,3376.0
381,3376.0,3376.0,3376.0,3376.0,3376.0,3376.0,3376.0,3376.0,3376.0,3376.0
382,3376.0,3376.0,3376.0,3376.0,3376.0,3376.0,3376.0,3376.0,3376.0,3376.0
383,3376.0,3376.0,3376.0,3376.0,3376.0,3376.0,3376.0,3376.0,3376.0,3376.0
384,3376.0,3376.0,3376.0,3376.0,3376.0,3376.0,3376.0,3376.0,3376.0,3376.0
385,3374.0,3374.0,3374.0,3374.0,3374.0,3374.0,3374.0,3374.0,3374.0,3374.0
386,3351.0,3351.0,3351.0,3351.0,3351.0,3351.0,3351.0,3351.0,3351.0,3351.0
387,3187.0,3187.0,3187.0,3187.0,3187.0,3187.0,3187.0,3187.0,3187.0,3187.0
388,2363.0,2363.0,2363.0,2363.0,2363.0,2363.0,2363.0,2363.0,2363.0,2363.0
389,571.0,571.0,571.0,571.0,571.0,571.0,571.0,571.0,571.0,571.0
390,86.0,86.0,86.0,86.0,86.0,86.0,86.0,86.0,86.0,86.0
391,10.0,10.0,10.0,10.0,10.0,10.0,10.0,10.0,10.0,10.0
392,2.0,2.0,2.0,2.0,2.0,2.0,2.0,2.0,2.0,2.0
393,14.0,14.0,14.0,14.0,14.0,14.0,14.0,14.0,14.0,14.0
394,54.0,54.0,54.0,54.0,54.0,54.0,54.0,54.0,54.0,54.0
395,453.0,453.0,453.0,453.0,453.0,453.0,453.0,453.0,453.0,453.0
396,1915.0,1915.0,1915.0,1915.0,1915.0,1915.0,1915.0,1915.0,1915.0,1915.0
397,3221.0,3221.0,3221.0,3221.0,3221.0,3221.0,3221.0,3221.0,3221.0,3221.0
398,3371.0,3371.0,3371.0,3371.0,3371.0,3371.0,3371.0,3371.0,3371.0,3371.0
399,3376.0,3376.0,3376.0,3376.0,3376.0,3376.0,3376.0,3376.0,3376.0,3376.0
400,3376.0,3376.0,3376.0,3376.0,3376.0,3376.0,3376.0,3376.0,3376.0,3376.0
401,3376.0,3376.0,3376.0,3376.0,3376.0,3376.0,3376.0,3376.0,3376.0,3376.0
402,3376.0,3376.0,3376.0,3376.0,3376.0,3376.0,3376.0,3376.0,3376.0,3376.0
403,3376.0,3376.0,3376.0,3376.0,3376.0,3376.0,3376.0,3376.0,3376.0,3376.0
404,3376.0,3376.0,3376.0,3376.0,3376.0,3376.0,3376.0,3376.0,3376.0,3376.0
405,3376.0,3376.0,3376.0,3376.0,3376.0,3376.0,3376.0,3376.0,3376.0,3376.0
406,3376.0,3376.0,3376.0,3376.0,3376.0,3376.0,3376.0,3376.0,3376.0,3376.0
407,3376.0,3376.0,3376.0,3376.0,3376.0,3376.0,3376.0,3376.0,3376.0,3376.0
408,3376.0,3376.0,3376.0,3376.0,3376.0,3376.0,3376.0,3376.0,3376.0,3376.0
409,3376.0,3376.0,3376.0,3376.0,3376.0,3376.0,3376.0,3376.0,3376.0,3376.0
410,3376.0,3376.0,3376.0,3376.0,3376.0,3376.0,3376.0,3376.0,3376.0,3376.0
411,3376.0,3376.0,3376.0,3376.0,3376.0,3376.0,3376.0,3376.0,3376.0,3376.0
412,3376.0,3376.0,3376.0,3376.0,3376.0,3376.0,3376.0,3376.0,3376.0,3376.0
413,3375.0,3375.0,3375.0,3375.0,3375.0,3375.0,3375.0,3375.0,3375.0,3375.0
414,3359.0,3359.0,3359.0,3359.0,3359.0,3359.0,3359.0,3359.0,3359.0,3359.0
415,3229.0,3229.0,3229.0,3229.0,3229.0,3229.0,3229.0,3229.0,3229.0,3229.0
416,2518.0,2518.0,2518.0,2518.0,2518.0,2518.0,2518.0,2518.0,2518.0,2518.0
417,715.0,715.0,715.0,715.0,715.0,715.0,715.0,715.0,715.0,715.0
418,95.0,95.0,95.0,95.0,95.0,95.0,95.0,95.0,95.0,95.0
419,8.0,8.0,8.0,8.0,8.0,8.0,8.0,8.0,8.0,8.0
420,4.0,4.0,4.0,4.0,4.0,4.0,4.0,4.0,4.0,4.0
421,4.0,4.0,4.0,4.0,4.0,4.0,4.0,4.0,4.0,4.0
422,61.0,61.0,61.0,61.0,61.0,61.0,61.0,61.0,61.0,61.0
423,471.0,471.0,471.0,471.0,471.0,471.0,471.0,471.0,471.0,471.0
424,2067.0,2067.0,2067.0,2067.0,2067.0,2067.0,2067.0,2067.0,2067.0,2067.0
425,3258.0,3258.0,3258.0,3258.0,3258.0,3258.0,3258.0,3258.0,3258.0,3258.0
426,3372.0,3372.0,3372.0,3372.0,3372.0,3372.0,3372.0,3372.0,3372.0,3372.0
427,3376.0,3376.0,3376.0,3376.0,3376.0,3376.0,3376.0,3376.0,3376.0,3376.0
428,3376.0,3376.0,3376.0,3376.0,3376.0,3376.0,3376.0,3376.0,3376.0,3376.0
429,3376.0,3376.0,3376.0,3376.0,3376.0,3376.0,3376.0,3376.0,3376.0,3376.0
430,3376.0,3376.0,3376.0,3376.0,3376.0,3376.0,3376.0,3376.0,3376.0,3376.0
431,3376.0,3376.0,3376.0,3376.0,3376.0,3376.0,3376.0,3376.0,3376.0,3376.0
432,3376.0,3376.0,3376.0,3376.0,3376.0,3376.0,3376.0,3376.0,3376.0,3376.0
433,3376.0,3376.0,3376.0,3376.0,3376.0,3376.0,3376.0,3376.0,3376.0,3376.0
434,3376.0,3376.0,3376.0,3376.0,3376.0,3376.0,3376.0,3376.0,3376.0,3376.0
435,3376.0,3376.0,3376.0,3376.0,3376.0,3376.0,3376.0,3376.0,3376.0,3376.0
436,3376.0,3376.0,3376.0,3376.0,3376.0,3376.0,3376.0,3376.0,3376.0,3376.0
437,3376.0,3376.0,3376.0,3376.0,3376.0,3376.0,3376.0,3376.0,3376.0,3376.0
438,3376.0,3376.0,3376.0,3376.0,3376.0,3376.0,3376.0,3376.0,3376.0,3376.0
439,3376.0,3376.0,3376.0,3376.0,3376.0,3376.0,3376.0,3376.0,3376.0,3376.0
440,3376.0,3376.0,3376.0,3376.0,3376.0,3376.0,3376.0,3376.0,3376.0,3376.0
441,3376.0,3376.0,3376.0,3376.0,3376.0,3376.0,3376.0,3376.0,3376.0,3376.0
442,3368.0,3368.0,3368.0,3368.0,3368.0,3368.0,3368.0,3368.0,3368.0,3368.0
443,3254.0,3254.0,3254.0,3254.0,3254.0,3254.0,3254.0,3254.0,3254.0,3254.0
444,2588.0,2588.0,2588.0,2588.0,2588.0,2588.0,2588.0,2588.0,2588.0,2588.0
445,850.0,850.0,850.0,850.0,850.0,850.0,850.0,850.0,850.0,850.0
446,141.0,141.0,141.0,141.0,141.0,141.0,141.0,141.0,141.0,141.0
447,12.0,12.0,12.0,12.0,12.0,12.0,12.0,12.0,12.0,12.0
448,2.0,2.0,2.0,2.0,2.0,2.0,2.0,2.0,2.0,2.0
449,8.0,8.0,8.0,8.0,8.0,8.0,8.0,8.0,8.0,8.0
450,87.0,87.0,87.0,87.0,87.0,87.0,87.0,87.0,87.0,87.0
451,603.0,603.0,603.0,603.0,603.0,603.0,603.0,603.0,603.0,603.0
452,2335.0,2335.0,2335.0,2335.0,2335.0,2335.0,2335.0,2335.0,2335.0,2335.0
453,3293.0,3293.0,3293.0,3293.0,3293.0,3293.0,3293.0,3293.0,3293.0,3293.0
454,3372.0,3372.0,3372.0,3372.0,3372.0,3372.0,3372.0,3372.0,3372.0,3372.0
455,3375.0,3375.0,3375.0,3375.0,3375.0,3375.0,3375.0,3375.0,3375.0,3375.0
456,3376.0,3376.0,3376.0,3376.0,3376.0,3376.0,3376.0,3376.0,3376.0,3376.0
457,3376.0,3376.0,3376.0,3376.0,3376.0,3376.0,3376.0,3376.0,3376.0,3376.0
458,3376.0,3376.0,3376.0,3376.0,3376.0,3376.0,3376.0,3376.0,3376.0,3376.0
459,3376.0,3376.0,3376.0,3376.0,3376.0,3376.0,3376.0,3376.0,3376.0,3376.0
460,3376.0,3376.0,3376.0,3376.0,3376.0,3376.0,3376.0,3376.0,3376.0,3376.0
461,3376.0,3376.0,3376.0,3376.0,3376.0,3376.0,3376.0,3376.0,3376.0,3376.0
462,3376.0,3376.0,3376.0,3376.0,3376.0,3376.0,3376.0,3376.0,3376.0,3376.0
463,3376.0,3376.0,3376.0,3376.0,3376.0,3376.0,3376.0,3376.0,3376.0,3376.0
464,3376.0,3376.0,3376.0,3376.0,3376.0,3376.0,3376.0,3376.0,3376.0,3376.0
465,3376.0,3376.0,3376.0,3376.0,3376.0,3376.0,3376.0,3376.0,3376.0,3376.0
466,3376.0,3376.0,3376.0,3376.0,3376.0,3376.0,3376.0,3376.0,3376.0,3376.0
467,3376.0,3376.0,3376.0,3376.0,3376.0,3376.0,3376.0,3376.0,3376.0,3376.0
468,3376.0,3376.0,3376.0,3376.0,3376.0,3376.0,3376.0,3376.0,3376.0,3376.0
469,3374.0,3374.0,3374.0,3374.0,3374.0,3374.0,3374.0,3374.0,3374.0,3374.0
470,3364.0,3364.0,3364.0,3364.0,3364.0,3364.0,3364.0,3364.0,3364.0,3364.0
471,3251.0,3251.0,3251.0,3251.0,3251.0,3251.0,3251.0,3251.0,3251.0,3251.0
472,2562.0,2562.0,2562.0,2562.0,2562.0,2562.0,2562.0,2562.0,2562.0,2562.0
473,933.0,933.0,933.0,933.0,933.0,933.0,933.0,933.0,933.0,933.0
474,186.0,186.0,186.0,186.0,186.0,186.0,186.0,186.0,186.0,186.0
475,16.0,16.0,16.0,16.0,16.0,16.0,16.0,16.0,16.0,16.0
476,0.0,0.0,0.0,0.0,0.0,0.0,0.0,0.0,0.0,0.0
477,14.0,14.0,14.0,14.0,14.0,14.0,14.0,14.0,14.0,14.0
478,110.0,110.0,110.0,110.0,110.0,110.0,110.0,110.0,110.0,110.0
479,796.0,796.0,796.0,796.0,796.0,796.0,796.0,796.0,796.0,796.0
480,2514.0,2514.0,2514.0,2514.0,2514.0,2514.0,2514.0,2514.0,2514.0,2514.0
481,3310.0,3310.0,3310.0,3310.0,3310.0,3310.0,3310.0,3310.0,3310.0,3310.0
482,3370.0,3370.0,3370.0,3370.0,3370.0,3370.0,3370.0,3370.0,3370.0,3370.0
483,3375.0,3375.0,3375.0,3375.0,3375.0,3375.0,3375.0,3375.0,3375.0,3375.0
484,3376.0,3376.0,3376.0,3376.0,3376.0,3376.0,3376.0,3376.0,3376.0,3376.0
485,3376.0,3376.0,3376.0,3376.0,3376.0,3376.0,3376.0,3376.0,3376.0,3376.0
486,3376.0,3376.0,3376.0,3376.0,3376.0,3376.0,3376.0,3376.0,3376.0,3376.0
487,3376.0,3376.0,3376.0,3376.0,3376.0,3376.0,3376.0,3376.0,3376.0,3376.0
488,3376.0,3376.0,3376.0,3376.0,3376.0,3376.0,3376.0,3376.0,3376.0,3376.0
489,3376.0,3376.0,3376.0,3376.0,3376.0,3376.0,3376.0,3376.0,3376.0,3376.0
490,3376.0,3376.0,3376.0,3376.0,3376.0,3376.0,3376.0,3376.0,3376.0,3376.0
491,3376.0,3376.0,3376.0,3376.0,3376.0,3376.0,3376.0,3376.0,3376.0,3376.0
492,3376.0,3376.0,3376.0,3376.0,3376.0,3376.0,3376.0,3376.0,3376.0,3376.0
493,3376.0,3376.0,3376.0,3376.0,3376.0,3376.0,3376.0,3376.0,3376.0,3376.0
494,3376.0,3376.0,3376.0,3376.0,3376.0,3376.0,3376.0,3376.0,3376.0,3376.0
495,3376.0,3376.0,3376.0,3376.0,3376.0,3376.0,3376.0,3376.0,3376.0,3376.0
496,3376.0,3376.0,3376.0,3376.0,3376.0,3376.0,3376.0,3376.0,3376.0,3376.0
497,3374.0,3374.0,3374.0,3374.0,3374.0,3374.0,3374.0,3374.0,3374.0,3374.0
498,3362.0,3362.0,3362.0,3362.0,3362.0,3362.0,3362.0,3362.0,3362.0,3362.0
499,3215.0,3215.0,3215.0,3215.0,3215.0,3215.0,3215.0,3215.0,3215.0,3215.0
500,2464.0,2464.0,2464.0,2464.0,2464.0,2464.0,2464.0,2464.0,2464.0,2464.0
501,1029.0,1029.0,1029.0,1029.0,1029.0,1029.0,1029.0,1029.0,1029.0,1029.0
502,203.0,203.0,203.0,203.0,203.0,203.0,203.0,203.0,203.0,203.0
503,20.0,20.0,20.0,20.0,20.0,20.0,20.0,20.0,20.0,20.0
504,4.0,4.0,4.0,4.0,4.0,4.0,4.0,4.0,4.0,4.0
505,14.0,14.0,14.0,14.0,14.0,14.0,14.0,14.0,14.0,14.0
506,199.0,199.0,199.0,199.0,199.0,199.0,199.0,199.0,199.0,199.0
507,1098.0,1098.0,1098.0,1098.0,1098.0,1098.0,1098.0,1098.0,1098.0,1098.0
508,2706.0,2706.0,2706.0,2706.0,2706.0,2706.0,2706.0,2706.0,2706.0,2706.0
509,3319.0,3319.0,3319.0,3319.0,3319.0,3319.0,3319.0,3319.0,3319.0,3319.0
510,3375.0,3375.0,3375.0,3375.0,3375.0,3375.0,3375.0,3375.0,3375.0,3375.0
511,3375.0,3375.0,3375.0,3375.0,3375.0,3375.0,3375.0,3375.0,3375.0,3375.0
512,3376.0,3376.0,3376.0,3376.0,3376.0,3376.0,3376.0,3376.0,3376.0,3376.0
513,3376.0,3376.0,3376.0,3376.0,3376.0,3376.0,3376.0,3376.0,3376.0,3376.0
514,3376.0,3376.0,3376.0,3376.0,3376.0,3376.0,3376.0,3376.0,3376.0,3376.0
515,3376.0,3376.0,3376.0,3376.0,3376.0,3376.0,3376.0,3376.0,3376.0,3376.0
516,3376.0,3376.0,3376.0,3376.0,3376.0,3376.0,3376.0,3376.0,3376.0,3376.0
517,3376.0,3376.0,3376.0,3376.0,3376.0,3376.0,3376.0,3376.0,3376.0,3376.0
518,3376.0,3376.0,3376.0,3376.0,3376.0,3376.0,3376.0,3376.0,3376.0,3376.0
519,3376.0,3376.0,3376.0,3376.0,3376.0,3376.0,3376.0,3376.0,3376.0,3376.0
520,3376.0,3376.0,3376.0,3376.0,3376.0,3376.0,3376.0,3376.0,3376.0,3376.0
521,3376.0,3376.0,3376.0,3376.0,3376.0,3376.0,3376.0,3376.0,3376.0,3376.0
522,3376.0,3376.0,3376.0,3376.0,3376.0,3376.0,3376.0,3376.0,3376.0,3376.0
523,3376.0,3376.0,3376.0,3376.0,3376.0,3376.0,3376.0,3376.0,3376.0,3376.0
524,3376.0,3376.0,3376.0,3376.0,3376.0,3376.0,3376.0,3376.0,3376.0,3376.0
525,3374.0,3374.0,3374.0,3374.0,3374.0,3374.0,3374.0,3374.0,3374.0,3374.0
526,3359.0,3359.0,3359.0,3359.0,3359.0,3359.0,3359.0,3359.0,3359.0,3359.0
527,3146.0,3146.0,3146.0,3146.0,3146.0,3146.0,3146.0,3146.0,3146.0,3146.0
528,2365.0,2365.0,2365.0,2365.0,2365.0,2365.0,2365.0,2365.0,2365.0,2365.0
529,989.0,989.0,989.0,989.0,989.0,989.0,989.0,989.0,989.0,989.0
530,170.0,170.0,170.0,170.0,170.0,170.0,170.0,170.0,170.0,170.0
531,16.0,16.0,16.0,16.0,16.0,16.0,16.0,16.0,16.0,16.0
532,2.0,2.0,2.0,2.0,2.0,2.0,2.0,2.0,2.0,2.0
533,15.0,15.0,15.0,15.0,15.0,15.0,15.0,15.0,15.0,15.0
534,260.0,260.0,260.0,260.0,260.0,260.0,260.0,260.0,260.0,260.0
535,1293.0,1293.0,1293.0,1293.0,1293.0,1293.0,1293.0,1293.0,1293.0,1293.0
536,2835.0,2835.0,2835.0,2835.0,2835.0,2835.0,2835.0,2835.0,2835.0,2835.0
537,3338.0,3338.0,3338.0,3338.0,3338.0,3338.0,3338.0,3338.0,3338.0,3338.0
538,3375.0,3375.0,3375.0,3375.0,3375.0,3375.0,3375.0,3375.0,3375.0,3375.0
539,3376.0,3376.0,3376.0,3376.0,3376.0,3376.0,3376.0,3376.0,3376.0,3376.0
540,3376.0,3376.0,3376.0,3376.0,3376.0,3376.0,3376.0,3376.0,3376.0,3376.0
541,3376.0,3376.0,3376.0,3376.0,3376.0,3376.0,3376.0,3376.0,3376.0,3376.0
542,3376.0,3376.0,3376.0,3376.0,3376.0,3376.0,3376.0,3376.0,3376.0,3376.0
543,3376.0,3376.0,3376.0,3376.0,3376.0,3376.0,3376.0,3376.0,3376.0,3376.0
544,3376.0,3376.0,3376.0,3376.0,3376.0,3376.0,3376.0,3376.0,3376.0,3376.0
545,3376.0,3376.0,3376.0,3376.0,3376.0,3376.0,3376.0,3376.0,3376.0,3376.0
546,3376.0,3376.0,3376.0,3376.0,3376.0,3376.0,3376.0,3376.0,3376.0,3376.0
547,3376.0,3376.0,3376.0,3376.0,3376.0,3376.0,3376.0,3376.0,3376.0,3376.0
548,3376.0,3376.0,3376.0,3376.0,3376.0,3376.0,3376.0,3376.0,3376.0,3376.0
549,3376.0,3376.0,3376.0,3376.0,3376.0,3376.0,3376.0,3376.0,3376.0,3376.0
550,3376.0,3376.0,3376.0,3376.0,3376.0,3376.0,3376.0,3376.0,3376.0,3376.0
551,3376.0,3376.0,3376.0,3376.0,3376.0,3376.0,3376.0,3376.0,3376.0,3376.0
552,3376.0,3376.0,3376.0,3376.0,3376.0,3376.0,3376.0,3376.0,3376.0,3376.0
553,3373.0,3373.0,3373.0,3373.0,3373.0,3373.0,3373.0,3373.0,3373.0,3373.0
554,3332.0,3332.0,3332.0,3332.0,3332.0,3332.0,3332.0,3332.0,3332.0,3332.0
555,3015.0,3015.0,3015.0,3015.0,3015.0,3015.0,3015.0,3015.0,3015.0,3015.0
556,2105.0,2105.0,2105.0,2105.0,2105.0,2105.0,2105.0,2105.0,2105.0,2105.0
557,815.0,815.0,815.0,815.0,815.0,815.0,815.0,815.0,815.0,815.0
558,125.0,125.0,125.0,125.0,125.0,125.0,125.0,125.0,125.0,125.0
559,8.0,8.0,8.0,8.0,8.0,8.0,8.0,8.0,8.0,8.0
560,0.0,0.0,0.0,0.0,0.0,0.0,0.0,0.0,0.0,0.0
561,20.0,20.0,20.0,20.0,20.0,20.0,20.0,20.0,20.0,20.0
562,291.0,291.0,291.0,291.0,291.0,291.0,291.0,291.0,291.0,291.0
563,1373.0,1373.0,1373.0,1373.0,1373.0,1373.0,1373.0,1373.0,1373.0,1373.0
564,2811.0,2811.0,2811.0,2811.0,2811.0,2811.0,2811.0,2811.0,2811.0,2811.0
565,3336.0,3336.0,3336.0,3336.0,3336.0,3336.0,3336.0,3336.0,3336.0,3336.0
566,3375.0,3375.0,3375.0,3375.0,3375.0,3375.0,3375.0,3375.0,3375.0,3375.0
567,3376.0,3376.0,3376.0,3376.0,3376.0,3376.0,3376.0,3376.0,3376.0,3376.0
568,3376.0,3376.0,3376.0,3376.0,3376.0,3376.0,3376.0,3376.0,3376.0,3376.0
569,3376.0,3376.0,3376.0,3376.0,3376.0,3376.0,3376.0,3376.0,3376.0,3376.0
570,3376.0,3376.0,3376.0,3376.0,3376.0,3376.0,3376.0,3376.0,3376.0,3376.0
571,3376.0,3376.0,3376.0,3376.0,3376.0,3376.0,3376.0,3376.0,3376.0,3376.0
572,3376.0,3376.0,3376.0,3376.0,3376.0,3376.0,3376.0,3376.0,3376.0,3376.0
573,3376.0,3376.0,3376.0,3376.0,3376.0,3376.0,3376.0,3376.0,3376.0,3376.0
574,3376.0,3376.0,3376.0,3376.0,3376.0,3376.0,3376.0,3376.0,3376.0,3376.0
575,3376.0,3376.0,3376.0,3376.0,3376.0,3376.0,3376.0,3376.0,3376.0,3376.0
576,3376.0,3376.0,3376.0,3376.0,3376.0,3376.0,3376.0,3376.0,3376.0,3376.0
577,3376.0,3376.0,3376.0,3376.0,3376.0,3376.0,3376.0,3376.0,3376.0,3376.0
578,3376.0,3376.0,3376.0,3376.0,3376.0,3376.0,3376.0,3376.0,3376.0,3376.0
579,3376.0,3376.0,3376.0,3376.0,3376.0,3376.0,3376.0,3376.0,3376.0,3376.0
580,3376.0,3376.0,3376.0,3376.0,3376.0,3376.0,3376.0,3376.0,3376.0,3376.0
581,3367.0,3367.0,3367.0,3367.0,3367.0,3367.0,3367.0,3367.0,3367.0,3367.0
582,3248.0,3248.0,3248.0,3248.0,3248.0,3248.0,3248.0,3248.0,3248.0,3248.0
583,2725.0,2725.0,2725.0,2725.0,2725.0,2725.0,2725.0,2725.0,2725.0,2725.0
584,1700.0,1700.0,1700.0,1700.0,1700.0,1700.0,1700.0,1700.0,1700.0,1700.0
585,639.0,639.0,639.0,639.0,639.0,639.0,639.0,639.0,639.0,639.0
586,96.0,96.0,96.0,96.0,96.0,96.0,96.0,96.0,96.0,96.0
587,2.0,2.0,2.0,2.0,2.0,2.0,2.0,2.0,2.0,2.0
588,2.0,2.0,2.0,2.0,2.0,2.0,2.0,2.0,2.0,2.0
589,16.0,16.0,16.0,16.0,16.0,16.0,16.0,16.0,16.0,16.0
590,259.0,259.0,259.0,259.0,259.0,259.0,259.0,259.0,259.0,259.0
591,1271.0,1271.0,1271.0,1271.0,1271.0,1271.0,1271.0,1271.0,1271.0,1271.0
592,2666.0,2666.0,2666.0,2666.0,2666.0,2666.0,2666.0,2666.0,2666.0,2666.0
593,3301.0,3301.0,3301.0,3301.0,3301.0,3301.0,3301.0,3301.0,3301.0,3301.0
594,3374.0,3374.0,3374.0,3374.0,3374.0,3374.0,3374.0,3374.0,3374.0,3374.0
595,3376.0,3376.0,3376.0,3376.0,3376.0,3376.0,3376.0,3376.0,3376.0,3376.0
596,3376.0,3376.0,3376.0,3376.0,3376.0,3376.0,3376.0,3376.0,3376.0,3376.0
597,3376.0,3376.0,3376.0,3376.0,3376.0,3376.0,3376.0,3376.0,3376.0,3376.0
598,3376.0,3376.0,3376.0,3376.0,3376.0,3376.0,3376.0,3376.0,3376.0,3376.0
599,3376.0,3376.0,3376.0,3376.0,3376.0,3376.0,3376.0,3376.0,3376.0,3376.0
600,3376.0,3376.0,3376.0,3376.0,3376.0,3376.0,3376.0,3376.0,3376.0,3376.0
601,3376.0,3376.0,3376.0,3376.0,3376.0,3376.0,3376.0,3376.0,3376.0,3376.0
602,3376.0,3376.0,3376.0,3376.0,3376.0,3376.0,3376.0,3376.0,3376.0,3376.0
603,3376.0,3376.0,3376.0,3376.0,3376.0,3376.0,3376.0,3376.0,3376.0,3376.0
604,3376.0,3376.0,3376.0,3376.0,3376.0,3376.0,3376.0,3376.0,3376.0,3376.0
605,3376.0,3376.0,3376.0,3376.0,3376.0,3376.0,3376.0,3376.0,3376.0,3376.0
606,3376.0,3376.0,3376.0,3376.0,3376.0,3376.0,3376.0,3376.0,3376.0,3376.0
607,3376.0,3376.0,3376.0,3376.0,3376.0,3376.0,3376.0,3376.0,3376.0,3376.0
608,3373.0,3373.0,3373.0,3373.0,3373.0,3373.0,3373.0,3373.0,3373.0,3373.0
609,3314.0,3314.0,3314.0,3314.0,3314.0,3314.0,3314.0,3314.0,3314.0,3314.0
610,3004.0,3004.0,3004.0,3004.0,3004.0,3004.0,3004.0,3004.0,3004.0,3004.0
611,2209.0,2209.0,2209.0,2209.0,2209.0,2209.0,2209.0,2209.0,2209.0,2209.0
612,1211.0,1211.0,1211.0,1211.0,1211.0,1211.0,1211.0,1211.0,1211.0,1211.0
613,416.0,416.0,416.0,416.0,416.0,416.0,416.0,416.0,416.0,416.0
614,68.0,68.0,68.0,68.0,68.0,68.0,68.0,68.0,68.0,68.0
615,2.0,2.0,2.0,2.0,2.0,2.0,2.0,2.0,2.0,2.0
616,2.0,2.0,2.0,2.0,2.0,2.0,2.0,2.0,2.0,2.0
617,8.0,8.0,8.0,8.0,8.0,8.0,8.0,8.0,8.0,8.0
618,186.0,186.0,186.0,186.0,186.0,186.0,186.0,186.0,186.0,186.0
619,908.0,908.0,908.0,908.0,908.0,908.0,908.0,908.0,908.0,908.0
620,2228.0,2228.0,2228.0,2228.0,2228.0,2228.0,2228.0,2228.0,2228.0,2228.0
621,3166.0,3166.0,3166.0,3166.0,3166.0,3166.0,3166.0,3166.0,3166.0,3166.0
622,3363.0,3363.0,3363.0,3363.0,3363.0,3363.0,3363.0,3363.0,3363.0,3363.0
623,3376.0,3376.0,3376.0,3376.0,3376.0,3376.0,3376.0,3376.0,3376.0,3376.0
624,3376.0,3376.0,3376.0,3376.0,3376.0,3376.0,3376.0,3376.0,3376.0,3376.0
625,3376.0,3376.0,3376.0,3376.0,3376.0,3376.0,3376.0,3376.0,3376.0,3376.0
626,3376.0,3376.0,3376.0,3376.0,3376.0,3376.0,3376.0,3376.0,3376.0,3376.0
627,3376.0,3376.0,3376.0,3376.0,3376.0,3376.0,3376.0,3376.0,3376.0,3376.0
628,3376.0,3376.0,3376.0,3376.0,3376.0,3376.0,3376.0,3376.0,3376.0,3376.0
629,3376.0,3376.0,3376.0,3376.0,3376.0,3376.0,3376.0,3376.0,3376.0,3376.0
630,3376.0,3376.0,3376.0,3376.0,3376.0,3376.0,3376.0,3376.0,3376.0,3376.0
631,3376.0,3376.0,3376.0,3376.0,3376.0,3376.0,3376.0,3376.0,3376.0,3376.0
632,3376.0,3376.0,3376.0,3376.0,3376.0,3376.0,3376.0,3376.0,3376.0,3376.0
633,3376.0,3376.0,3376.0,3376.0,3376.0,3376.0,3376.0,3376.0,3376.0,3376.0
634,3376.0,3376.0,3376.0,3376.0,3376.0,3376.0,3376.0,3376.0,3376.0,3376.0
635,3372.0,3372.0,3372.0,3372.0,3372.0,3372.0,3372.0,3372.0,3372.0,3372.0
636,3319.0,3319.0,3319.0,3319.0,3319.0,3319.0,3319.0,3319.0,3319.0,3319.0
637,3036.0,3036.0,3036.0,3036.0,3036.0,3036.0,3036.0,3036.0,3036.0,3036.0
638,2419.0,2419.0,2419.0,2419.0,2419.0,2419.0,2419.0,2419.0,2419.0,2419.0
639,1516.0,1516.0,1516.0,1516.0,1516.0,1516.0,1516.0,1516.0,1516.0,1516.0
640,742.0,742.0,742.0,742.0,742.0,742.0,742.0,742.0,742.0,742.0
641,237.0,237.0,237.0,237.0,237.0,237.0,237.0,237.0,237.0,237.0
642,36.0,36.0,36.0,36.0,36.0,36.0,36.0,36.0,36.0,36.0
643,2.0,2.0,2.0,2.0,2.0,2.0,2.0,2.0,2.0,2.0
644,0.0,0.0,0.0,0.0,0.0,0.0,0.0,0.0,0.0,0.0
645,0.0,0.0,0.0,0.0,0.0,0.0,0.0,0.0,0.0,0.0
646,93.0,93.0,93.0,93.0,93.0,93.0,93.0,93.0,93.0,93.0
647,505.0,505.0,505.0,505.0,505.0,505.0,505.0,505.0,505.0,505.0
648,1416.0,1416.0,1416.0,1416.0,1416.0,1416.0,1416.0,1416.0,1416.0,1416.0
649,2581.0,2581.0,2581.0,2581.0,2581.0,2581.0,2581.0,2581.0,2581.0,2581.0
650,3248.0,3248.0,3248.0,3248.0,3248.0,3248.0,3248.0,3248.0,3248.0,3248.0
651,3362.0,3362.0,3362.0,3362.0,3362.0,3362.0,3362.0,3362.0,3362.0,3362.0
652,3375.0,3375.0,3375.0,3375.0,3375.0,3375.0,3375.0,3375.0,3375.0,3375.0
653,3376.0,3376.0,3376.0,3376.0,3376.0,3376.0,3376.0,3376.0,3376.0,3376.0
654,3376.0,3376.0,3376.0,3376.0,3376.0,3376.0,3376.0,3376.0,3376.0,3376.0
655,3376.0,3376.0,3376.0,3376.0,3376.0,3376.0,3376.0,3376.0,3376.0,3376.0
656,3376.0,3376.0,3376.0,3376.0,3376.0,3376.0,3376.0,3376.0,3376.0,3376.0
657,3376.0,3376.0,3376.0,3376.0,3376.0,3376.0,3376.0,3376.0,3376.0,3376.0
658,3376.0,3376.0,3376.0,3376.0,3376.0,3376.0,3376.0,3376.0,3376.0,3376.0
659,3376.0,3376.0,3376.0,3376.0,3376.0,3376.0,3376.0,3376.0,3376.0,3376.0
660,3376.0,3376.0,3376.0,3376.0,3376.0,3376.0,3376.0,3376.0,3376.0,3376.0
661,3376.0,3376.0,3376.0,3376.0,3376.0,3376.0,3376.0,3376.0,3376.0,3376.0
662,3369.0,3369.0,3369.0,3369.0,3369.0,3369.0,3369.0,3369.0,3369.0,3369.0
663,3302.0,3302.0,3302.0,3302.0,3302.0,3302.0,3302.0,3302.0,3302.0,3302.0
664,2961.0,2961.0,2961.0,2961.0,2961.0,2961.0,2961.0,2961.0,2961.0,2961.0
665,2340.0,2340.0,2340.0,2340.0,2340.0,2340.0,2340.0,2340.0,2340.0,2340.0
666,1564.0,1564.0,1564.0,1564.0,1564.0,1564.0,1564.0,1564.0,1564.0,1564.0
667,856.0,856.0,856.0,856.0,856.0,856.0,856.0,856.0,856.0,856.0
668,341.0,341.0,341.0,341.0,341.0,341.0,341.0,341.0,341.0,341.0
669,80.0,80.0,80.0,80.0,80.0,80.0,80.0,80.0,80.0,80.0
670,16.0,16.0,16.0,16.0,16.0,16.0,16.0,16.0,16.0,16.0
671,0.0,0.0,0.0,0.0,0.0,0.0,0.0,0.0,0.0,0.0
672,0.0,0.0,0.0,0.0,0.0,0.0,0.0,0.0,0.0,0.0
673,0.0,0.0,0.0,0.0,0.0,0.0,0.0,0.0,0.0,0.0
674,26.0,26.0,26.0,26.0,26.0,26.0,26.0,26.0,26.0,26.0
675,173.0,173.0,173.0,173.0,173.0,173.0,173.0,173.0,173.0,173.0
676,544.0,544.0,544.0,544.0,544.0,544.0,544.0,544.0,544.0,544.0
677,1315.0,1315.0,1315.0,1315.0,1315.0,1315.0,1315.0,1315.0,1315.0,1315.0
678,2353.0,2353.0,2353.0,2353.0,2353.0,2353.0,2353.0,2353.0,2353.0,2353.0
679,3056.0,3056.0,3056.0,3056.0,3056.0,3056.0,3056.0,3056.0,3056.0,3056.0
680,3300.0,3300.0,3300.0,3300.0,3300.0,3300.0,3300.0,3300.0,3300.0,3300.0
681,3370.0,3370.0,3370.0,3370.0,3370.0,3370.0,3370.0,3370.0,3370.0,3370.0
682,3376.0,3376.0,3376.0,3376.0,3376.0,3376.0,3376.0,3376.0,3376.0,3376.0
683,3376.0,3376.0,3376.0,3376.0,3376.0,3376.0,3376.0,3376.0,3376.0,3376.0
684,3376.0,3376.0,3376.0,3376.0,3376.0,3376.0,3376.0,3376.0,3376.0,3376.0
685,3376.0,3376.0,3376.0,3376.0,3376.0,3376.0,3376.0,3376.0,3376.0,3376.0
686,3375.0,3375.0,3375.0,3375.0,3375.0,3375.0,3375.0,3375.0,3375.0,3375.0
687,3376.0,3376.0,3376.0,3376.0,3376.0,3376.0,3376.0,3376.0,3376.0,3376.0
688,3372.0,3372.0,3372.0,3372.0,3372.0,3372.0,3372.0,3372.0,3372.0,3372.0
689,3335.0,3335.0,3335.0,3335.0,3335.0,3335.0,3335.0,3335.0,3335.0,3335.0
690,3199.0,3199.0,3199.0,3199.0,3199.0,3199.0,3199.0,3199.0,3199.0,3199.0
691,2811.0,2811.0,2811.0,2811.0,2811.0,2811.0,2811.0,2811.0,2811.0,2811.0
692,2121.0,2121.0,2121.0,2121.0,2121.0,2121.0,2121.0,2121.0,2121.0,2121.0
693,1365.0,1365.0,1365.0,1365.0,1365.0,1365.0,1365.0,1365.0,1365.0,1365.0
694,776.0,776.0,776.0,776.0,776.0,776.0,776.0,776.0,776.0,776.0
695,374.0,374.0,374.0,374.0,374.0,374.0,374.0,374.0,374.0,374.0
696,123.0,123.0,123.0,123.0,123.0,123.0,123.0,123.0,123.0,123.0
697,22.0,22.0,22.0,22.0,22.0,22.0,22.0,22.0,22.0,22.0
698,4.0,4.0,4.0,4.0,4.0,4.0,4.0,4.0,4.0,4.0
699,0.0,0.0,0.0,0.0,0.0,0.0,0.0,0.0,0.0,0.0
700,0.0,0.0,0.0,0.0,0.0,0.0,0.0,0.0,0.0,0.0
701,0.0,0.0,0.0,0.0,0.0,0.0,0.0,0.0,0.0,0.0
702,6.0,6.0,6.0,6.0,6.0,6.0,6.0,6.0,6.0,6.0
703,22.0,22.0,22.0,22.0,22.0,22.0,22.0,22.0,22.0,22.0
704,127.0,127.0,127.0,127.0,127.0,127.0,127.0,127.0,127.0,127.0
705,454.0,454.0,454.0,454.0,454.0,454.0,454.0,454.0,454.0,454.0
706,1005.0,1005.0,1005.0,1005.0,1005.0,1005.0,1005.0,1005.0,1005.0,1005.0
707,1749.0,1749.0,1749.0,1749.0,1749.0,1749.0,1749.0,1749.0,1749.0,1749.0
708,2432.0,2432.0,2432.0,2432.0,2432.0,2432.0,2432.0,2432.0,2432.0,2432.0
709,2906.0,2906.0,2906.0,2906.0,2906.0,2906.0,2906.0,2906.0,2906.0,2906.0
710,3168.0,3168.0,3168.0,3168.0,3168.0,3168.0,3168.0,3168.0,3168.0,3168.0
711,3288.0,3288.0,3288.0,3288.0,3288.0,3288.0,3288.0,3288.0,3288.0,3288.0
712,3306.0,3306.0,3306.0,3306.0,3306.0,3306.0,3306.0,3306.0,3306.0,3306.0
713,3297.0,3297.0,3297.0,3297.0,3297.0,3297.0,3297.0,3297.0,3297.0,3297.0
714,3268.0,3268.0,3268.0,3268.0,3268.0,3268.0,3268.0,3268.0,3268.0,3268.0
715,3201.0,3201.0,3201.0,3201.0,3201.0,3201.0,3201.0,3201.0,3201.0,3201.0
716,3063.0,3063.0,3063.0,3063.0,3063.0,3063.0,3063.0,3063.0,3063.0,3063.0
717,2825.0,2825.0,2825.0,2825.0,2825.0,2825.0,2825.0,2825.0,2825.0,2825.0
718,2370.0,2370.0,2370.0,2370.0,2370.0,2370.0,2370.0,2370.0,2370.0,2370.0
719,1741.0,1741.0,1741.0,1741.0,1741.0,1741.0,1741.0,1741.0,1741.0,1741.0
720,1145.0,1145.0,1145.0,1145.0,1145.0,1145.0,1145.0,1145.0,1145.0,1145.0
721,658.0,658.0,658.0,658.0,658.0,658.0,658.0,658.0,658.0,658.0
722,365.0,365.0,365.0,365.0,365.0,365.0,365.0,365.0,365.0,365.0
723,157.0,157.0,157.0,157.0,157.0,157.0,157.0,157.0,157.0,157.0
724,44.0,44.0,44.0,44.0,44.0,44.0,44.0,44.0,44.0,44.0
725,4.0,4.0,4.0,4.0,4.0,4.0,4.0,4.0,4.0,4.0
726,2.0,2.0,2.0,2.0,2.0,2.0,2.0,2.0,2.0,2.0
727,0.0,0.0,0.0,0.0,0.0,0.0,0.0,0.0,0.0,0.0
728,0.0,0.0,0.0,0.0,0.0,0.0,0.0,0.0,0.0,0.0
729,0.0,0.0,0.0,0.0,0.0,0.0,0.0,0.0,0.0,0.0
730,0.0,0.0,0.0,0.0,0.0,0.0,0.0,0.0,0.0,0.0
731,2.0,2.0,2.0,2.0,2.0,2.0,2.0,2.0,2.0,2.0
732,48.0,48.0,48.0,48.0,48.0,48.0,48.0,48.0,48.0,48.0
733,169.0,169.0,169.0,169.0,169.0,169.0,169.0,169.0,169.0,169.0
734,409.0,409.0,409.0,409.0,409.0,409.0,409.0,409.0,409.0,409.0
735,816.0,816.0,816.0,816.0,816.0,816.0,816.0,816.0,816.0,816.0
736,1291.0,1291.0,1291.0,1291.0,1291.0,1291.0,1291.0,1291.0,1291.0,1291.0
737,1773.0,1773.0,1773.0,1773.0,1773.0,1773.0,1773.0,1773.0,1773.0,1773.0
738,2193.0,2193.0,2193.0,2193.0,2193.0,2193.0,2193.0,2193.0,2193.0,2193.0
739,2424.0,2424.0,2424.0,2424.0,2424.0,2424.0,2424.0,2424.0,2424.0,2424.0
740,2515.0,2515.0,2515.0,2515.0,2515.0,2515.0,2515.0,2515.0,2515.0,2515.0
741,2498.0,2498.0,2498.0,2498.0,2498.0,2498.0,2498.0,2498.0,2498.0,2498.0
742,2392.0,2392.0,2392.0,2392.0,2392.0,2392.0,2392.0,2392.0,2392.0,2392.0
743,2138.0,2138.0,2138.0,2138.0,2138.0,2138.0,2138.0,2138.0,2138.0,2138.0
744,1877.0,1877.0,1877.0,1877.0,1877.0,1877.0,1877.0,1877.0,1877.0,1877.0
745,1541.0,1541.0,1541.0,1541.0,1541.0,1541.0,1541.0,1541.0,1541.0,1541.0
746,1064.0,1064.0,1064.0,1064.0,1064.0,1064.0,1064.0,1064.0,1064.0,1064.0
747,694.0,694.0,694.0,694.0,694.0,694.0,694.0,694.0,694.0,694.0
748,389.0,389.0,389.0,389.0,389.0,389.0,389.0,389.0,389.0,389.0
749,227.0,227.0,227.0,227.0,227.0,227.0,227.0,227.0,227.0,227.0
750,101.0,101.0,101.0,101.0,101.0,101.0,101.0,101.0,101.0,101.0
751,32.0,32.0,32.0,32.0,32.0,32.0,32.0,32.0,32.0,32.0
752,4.0,4.0,4.0,4.0,4.0,4.0,4.0,4.0,4.0,4.0
753,2.0,2.0,2.0,2.0,2.0,2.0,2.0,2.0,2.0,2.0
754,0.0,0.0,0.0,0.0,0.0,0.0,0.0,0.0,0.0,0.0
755,0.0,0.0,0.0,0.0,0.0,0.0,0.0,0.0,0.0,0.0
756,0.0,0.0,0.0,0.0,0.0,0.0,0.0,0.0,0.0,0.0
757,0.0,0.0,0.0,0.0,0.0,0.0,0.0,0.0,0.0,0.0
758,0.0,0.0,0.0,0.0,0.0,0.0,0.0,0.0,0.0,0.0
759,0.0,0.0,0.0,0.0,0.0,0.0,0.0,0.0,0.0,0.0
760,6.0,6.0,6.0,6.0,6.0,6.0,6.0,6.0,6.0,6.0
761,10.0,10.0,10.0,10.0,10.0,10.0,10.0,10.0,10.0,10.0
762,39.0,39.0,39.0,39.0,39.0,39.0,39.0,39.0,39.0,39.0
763,72.0,72.0,72.0,72.0,72.0,72.0,72.0,72.0,72.0,72.0
764,102.0,102.0,102.0,102.0,102.0,102.0,102.0,102.0,102.0,102.0
765,144.0,144.0,144.0,144.0,144.0,144.0,144.0,144.0,144.0,144.0
766,250.0,250.0,250.0,250.0,250.0,250.0,250.0,250.0,250.0,250.0
767,312.0,312.0,312.0,312.0,312.0,312.0,312.0,312.0,312.0,312.0
768,376.0,376.0,376.0,376.0,376.0,376.0,376.0,376.0,376.0,376.0
769,444.0,444.0,444.0,444.0,444.0,444.0,444.0,444.0,444.0,444.0
770,479.0,479.0,479.0,479.0,479.0,479.0,479.0,479.0,479.0,479.0
771,429.0,429.0,429.0,429.0,429.0,429.0,429.0,429.0,429.0,429.0
772,357.0,357.0,357.0,357.0,357.0,357.0,357.0,357.0,357.0,357.0
773,262.0,262.0,262.0,262.0,262.0,262.0,262.0,262.0,262.0,262.0
774,154.0,154.0,154.0,154.0,154.0,154.0,154.0,154.0,154.0,154.0
775,98.0,98.0,98.0,98.0,98.0,98.0,98.0,98.0,98.0,98.0
776,46.0,46.0,46.0,46.0,46.0,46.0,46.0,46.0,46.0,46.0
777,28.0,28.0,28.0,28.0,28.0,28.0,28.0,28.0,28.0,28.0
778,14.0,14.0,14.0,14.0,14.0,14.0,14.0,14.0,14.0,14.0
779,4.0,4.0,4.0,4.0,4.0,4.0,4.0,4.0,4.0,4.0
780,0.0,0.0,0.0,0.0,0.0,0.0,0.0,0.0,0.0,0.0
781,0.0,0.0,0.0,0.0,0.0,0.0,0.0,0.0,0.0,0.0
782,0.0,0.0,0.0,0.0,0.0,0.0,0.0,0.0,0.0,0.0
783,0.0,0.0,0.0,0.0,0.0,0.0,0.0,0.0,0.0,0.0
